Contract,Address
AppLock,0xB48811Ef915fe2842C71e84D5566Dd9F5b7E8B4e
AccountLock,0xdB20b204b6FEeBD7410ef523DB723cfbdDCA3f5B
FeedLock,0x744DF745850F22c7E31892Cd7894b6789969047D
GraphLock,0x5BC7BD8a2dD06016C444c6248135b949a7B7A115
GroupLock,0x0761E693D3B16717D394aEaF81C9694cED84b401
NamespaceLock,0x4e8856CF35a730C282eDbFA467B9060d8eF3c094
AccessControlLock,0x06E5EA7600B334895dA2045E13e3C0f67388909A
AppImpl,0x72937a847162b079A6D41a3337FD6D384aDA3C8E
AccountImpl,0x8370C7140dF58ef7f4f7cA7a2b192626A342D4D5
FeedImpl,0x5c42953E74fa9b1Be38304a3a99Ed0D3b4659df1
GraphImpl,0xa8E929435EC93956b055938930dbB134db984E49
GroupImpl,0xb530A71C8011d2b92b711e265F62C5565fc8630e
NamespaceImpl,0xd2Fb86A63891415244A7D9d02148D5b230bE69FB
AppBeacon,0x0895c68261Aa3E26C70C54Ea3b111d96FeB34fc7
AccountBeacon,0x4aE8eAEa3A12E6246b80F5Bbe6aa569c981952c1
FeedBeacon,0x940b8E3Efe263A863B7Cd3f452A94E962e11c8a3
GraphBeacon,0xc28f232D86EEde9F33B0083fFCf9ec8Ef0f98ce9
GroupBeacon,0x777FF4456377b084EbCfD1eB20DAcB78278677e5
NamespaceBeacon,0x1a0cF59005eDb06F922B5E169a90E4DC5c91e988
AccessControlFactory,0x5eb740362F17815Ae67EBcA6420Cbb350f714C3E
AccountFactory,0xE55C2154d1766a9C6319dBD989C89867b0457358
AppFactory,0xc650f3CcfF7801F5e95a99B99AAbD2f6319d38ed
FeedFactory,0xb8169FB0FaB6a699854fd4fD2457b990988E1372
GraphFactory,0x7cbB07bD2E80A27c59Ed707B79024cC5e54dEaF0
GroupFactory,0xEF51808f8a2399282CDd156E897473b282998a29
NamespaceFactory,0xb69CBb69041a30216e2fe13E9700b32761b859C3
AccountBlockingRuleImpl,0x5AE6981242e1Aa7a4d45DF6f81172a721283EFED
AccountBlockingRule,0xf3de16e99679243E36BB449CADEA247Cf61450e1
GroupGatedFeedRuleImpl,0x415F2D6Fc968603001C0f2b9E3D581cB7F5c39C1
GroupGatedFeedRule,0xbDE71d01eC6d6c49b2bcc9067EcA352a17D25A91
UsernameSimpleCharsetNamespaceRuleImpl,0xA2eE714B73229c2C7102adDb9f56B38E22FC4AdE
UsernameSimpleCharsetNamespaceRule,0x1dB51f49DE4D266B2ab7D62656510083e0AACe44
BanMemberGroupRuleImpl,0xfE2468f1A969C1dd866A0bC70e73e8bEC37cdd7F
BanMemberGroupRule,0xd12E1aD028d550F85F2a8d9130C46dB77A6A0a41
AdditionRemovalPidGroupRuleImpl,0xEA1AEaa88f5e42935ee69e18d95BDA4CEaf530b6
AdditionRemovalPidGroupRule,0x90d39577A9a6C76ED8a5b2B908a7053ef5430194
LensFactory,0x408BC8704Ce76DDcd00cf3a83Acd24de4101eE2D
LensExampleAccount,0xAA496C6e94fC5254313cfB9B34f5A499ee9dA771
LensGlobalGroup,0x2550c78610A2Db16A6919034b7A81D6CF652cc50
LensGlobalFeed,0x31232Cb7dE0dce17949ffA58E9E38EEeB367C871
LensGlobalGraph,0x4d97287FF1A0e030cA4604EcDa9be355dd8A8BaC
LensGlobalNamespace,0xFBEdC5C278cc01A843D161d5469202Fe4EDC99E4
LensGlobalApp,0xC75A89145d765c396fd75CbD16380Eb184Bd2ca7
ActionHubImpl,0xF370690Eae838146D7E5fD94641A3052eC568aF9
ActionHub,0x4A92a97Ff3a3604410945ae8CA25df4fBB2fDC11
OwnerAdminOnlyAccessControl,0xbcBd368a8251BD06918D3edef68e1C8e8F853633
SimplePaymentFeedRuleImpl,0xe872903A263D6EAe626183fbA6E39aBCFf16bD0a
SimplePaymentFeedRule,0x55efA60BE4fd711C114B853A5d251b95bdCC4F66
TokenGatedFeedRuleImpl,0x38BaF904F46949603A21CAed0fd38F4957B21F94
TokenGatedFeedRule,0x54649BfA8Ea33eDD90f93592Fe87627be6C76013
FollowersOnlyPostRuleImpl,0xaA218C6461A9a25eBDA2E3E9433058144C56EEa2
FollowersOnlyPostRule,0x8956af058dF5Cb3609Fc10B2ea293764f55F5B0c
GroupGatedGraphRuleImpl,0x656372d94D7224e08fF6cE9C3A2B954cCcC6a516
GroupGatedGraphRule,0x2Cb90d67d4396385060F4f18B036176005B21d56
TokenGatedGraphRuleImpl,0x36798d63746B4b7a380E4D8936E7f8E55C1B8Dee
TokenGatedGraphRule,0x2662F99dC985d3dC710D3c13142e2D156874878d
SimplePaymentFollowRuleImpl,0x249Bdeac1fa026812D4d2197d2331d7A7a0CDd0D
SimplePaymentFollowRule,0x7EA84D750E8C2b7D0EB5e8114f54111d78Eeb992
TokenGatedFollowRuleImpl,0x6c2E6EcC41ed96CAD53e7c3AfA2920FbF320B522
TokenGatedFollowRule,0x51BB76bae8eb8f1B69B8F4c3e310d49423a9aF33
MembershipApprovalGroupRuleImpl,0x7656D95eA89331180FE8B4f50C8055270b38cC16
MembershipApprovalGroupRule,0x6d467E7f34e87C0D7185FAf692B43eD5792B86f5
SimplePaymentGroupRuleImpl,0xFB7f6D79cc8C389199c1EC21af5A31d4436a1b58
SimplePaymentGroupRule,0xC99b11687d91EC4f6e65EcFa205795101BbaB5B2
TokenGatedGroupRuleImpl,0x7b1123c2b371a0DA104e3b0DfcCFd9b225198595
TokenGatedGroupRule,0x3e3a35d2A67583975569c4a19761268AFB958cEF
UsernameLengthNamespaceRuleImpl,0x32A44c7A6Ff0C7C9A40e2D502Db5F24DbfA33D92
UsernameLengthNamespaceRule,0x0F0Fe596bAfddbd2Eb4037Fc111b9C4aE5192C5C
UsernameReservedNamespaceRuleImpl,0xD73612a24C1336066EFf38E30F13B027Ee6F9387
UsernameReservedNamespaceRule,0x9a8b0e3344f5ca5f6fc9FcEb8fF543FDeF5eb2b9
TokenGatedNamespaceRuleImpl,0x0B16478fa74Ec7018dfdb9dBE0290ab493C1C535
TokenGatedNamespaceRule,0x87A69174530aA735768096c5F24a0F559553Dd84
UsernamePricePerLengthNamespaceRuleImpl,0x6cD751ecb11F835Db3AEDDc81CAb3aE18A43e31c
UsernamePricePerLengthNamespaceRule,0x4aBdf719Bc6659e91233c62D4d08D6F4229989e8
TippingAccountActionImpl,0x24aF00D97561198128027712cc14468e6629E0cb
TippingAccountAction,0xda614A06972C70a8d50D494FB678d48cf536f769
TippingPostActionImpl,0x05f1d7C409B43f3F2FA0Aa6f7243446Ce45aD10c
TippingPostAction,0x34EF0F5e41cB6c7ad9438079c179d70C7567ae00
SimpleCollectActionImpl,0x9901C8d717F1A5670adD40656f4bD696f2587E70
SimpleCollectAction,0x17d5B3917Eab14Ab4923DEc597B39EF64863C830
