ContractName,PreSalt,Salt,Address
TippingAccountAction,lens.contract.TippingAccountAction,0xb0bf1926f15f19632ea530028e983cfb3357f2f8fd4e72b9229fdc745625521a,0x20170f1e53851df4d9ea236a28399493c5b152c0
TippingPostAction,lens.contract.TippingPostAction,0xc9b2b5c673cfae968566fdfd857125415996f82d86f10d4b08ab84ee7dd229f4,0x4984ec4ffd17e64c8f91691d829bd5aea287e47b
SimpleCollectAction,lens.contract.SimpleCollectAction,0x353e11e638bb5bc331e0b387653d0244d38c244bbf498c23d6b7f0666e4c0a4c,0x1cee1cd464c4e44e80acdb0b0e33f88849070f6e
AccountBlockingRule,lens.contract.AccountBlockingRule,0x80c4d4355f23feb5760bb4fef054b81aae9309bd0fb98df2a471d6dc2cd577a0,0x3b766408f14141f4b567681a1c29cfb58d1c1574
GroupGatedFeedRule,lens.contract.GroupGatedFeedRule,0xb6663bb6fbd218cf0e8abbe6556d028b043323cba00f16a3b79f9f558dc5d9bb,0x40a2a352583b266097234f1260b5aafb7b129047
SimplePaymentFeedRule,lens.contract.SimplePaymentFeedRule,0xa2575d65cbe9e979920ec81a127c4527f53a820407ac3e21f4273097566e6f8f,0xd79dfb3f8290c0da1899b91c3bbfe9ab56198004
TokenGatedFeedRule,lens.contract.TokenGatedFeedRule,0x9f31e2eae59c7857088d584ed171f24fe0d164c128213e5bf622c7471099c08c,0xe320d45b21243771dc5a47909db2389abab81d5b
SimplePaymentFollowRule,lens.contract.SimplePaymentFollowRule,0xc5c674aa6f83f73947936b8b0facf5d0831b08380cc979fcaa408895ab8179d2,0x10e044f026bd51f855a10f2277e35ed4c896db7e
TokenGatedFollowRule,lens.contract.TokenGatedFollowRule,0xd30c9bf279d1743dcac5478f7098edfe3a614c964ecebff056b88635300bcc81,0x8b39e5e2b7a4ce8fcd8f4601ca1a43486a9d7ca4
GroupGatedGraphRule,lens.contract.GroupGatedGraphRule,0xb54b32025995a1902fbcddba9bd67af6d2153cf145beecee2419ae8e478c2543,0x754839c5917a063eb923e83f1194e6737bbb451c
TokenGatedGraphRule,lens.contract.TokenGatedGraphRule,0xb3e797c1606da05dfe8846faf91ae0eec94199a7eee6ff3a5587e3e21b2890d4,0x24779f9c251cc5c2ac0ae5c9f274666224e78035
AdditionRemovalPidGroupRule,lens.contract.AdditionRemovalPidGroupRule,0xdd6428973f12c078a88d9c5823aa351fe7650e28b77eb7f7fc87462fe2d0503d,0x5c990114129dab27f015f2d5ba756bd102807b86
BanMemberGroupRule,lens.contract.BanMemberGroupRule,0x8d6cb7eaecd1f975ec21c33b050529aae8836d2b418f8ef5edbdb45ced60e326,0xe12543e5f917ada5aef92b26bc08e1925ec9f53f
MembershipApprovalGroupRule,lens.contract.MembershipApprovalGroupRule,0x2b2754eaddeb56c01ec7be6ca3b1cfdc270f144a6f3ec5ccfb40ce6667446f01,0x353064b2ee992483398dab32267e1ad597e502b9
SimplePaymentGroupRule,lens.contract.SimplePaymentGroupRule,0x5d1339b7a00319a446d91581b636c3fb706d60f996d230beedd486e5c176c1ac,0x6d2251d69fba6d7e761c72d55cf478d741cb4ac1
TokenGatedGroupRule,lens.contract.TokenGatedGroupRule,0x59778ceaf453ac2be569d95c57417be9d1d82c267facb4fc083b00d201c1cc24,0x0740653858863e8f4f0c734553c2bef0dc54bfa9
TokenGatedNamespaceRule,lens.contract.TokenGatedNamespaceRule,0x1e47aef54e5255db4fd7ed091a224ad0ae8d39da836eb46263977a11ce536deb,0xd108e4215963f9cb13f47a4b08110d0ff51d52d8
UsernameLengthNamespaceRule,lens.contract.UsernameLengthNamespaceRule,0x27850e74ad6af52e4449b4d61c97c0d58def6eec8cce0d7de6bcbb682ffe7742,0xb541055222c87ee86a72558e8b582a9c0158a0d8
UsernamePricePerLengthNamespaceRule,lens.contract.UsernamePricePerLengthNamespaceRule,0x0730d2947e171ea875e2ff84ed832f38d98f4b8a327db512f4a3258d0e871ec8,0xad917a20bca258020ff81590f62ff05366ebb180
UsernameReservedNamespaceRule,lens.contract.UsernameReservedNamespaceRule,0x6932d31a756374d1edd08d334ddcac1a1714e62b1a11ebe652329a036de000e0,0x0e8b9960f2a891a561f2d52f0cd98cca19cdf8c9
UsernameSimpleCharsetNamespaceRule,lens.contract.UsernameSimpleCharsetNamespaceRule,0x1a0a0c02ccdedf0058e0307ec694d972ca186c09d38dbba218bf888ef5d1b166,0x5dbe2054903512ff26e336c0cbded6e0ddbeac4f
FollowersOnlyPostRule,lens.contract.FollowersOnlyPostRule,0x12971762b058734f8a79f7d77039467b55d07cef23999beb4218584bcfbd1a13,0x4f573ed906cf23cb43f86ad461d10e43e29802ce
ActionHub,lens.contract.ActionHub,0x914706a68d66e273351f2cd4c1f0c739a3d2d211eb45a40f548eb964a6081fef,0xc6d57ee750ef2ee017a9e985a0c4198bed16a802
LensFees,lens.contract.LensFees,0x5072b519d346fa8b5598f9e3ddfc010379305b352a80b2bc6c119eb92ac9a520,0xfd577b6317f4ab53d5675e85b8deb7a814165c3c
